city,avg(reviews_per_month)
San Francisco,1.6781174059434918
Seattle,2.078918834221248
New York,1.3821413182867388
