city,moneySpent
New York,3.790749260571423E8
San Francisco,1.0154081365714288E8
Seattle,3.7470210171428636E7
